status_changed,length_diff_ratio,response_time_diff,sql_error_count,payload_reflected,redirect_changed,diff_ratio
0,0.19047619047619047,0.01699233055114746,0,1,1,0.21052631578947367
0,0.38095238095238093,0.010684728622436523,0,1,0,0.47058823529411764
0,0.17391304347826086,-0.012111425399780273,0,1,0,0.19047619047619047
