status_changed,length_diff_ratio,response_time_diff,sql_error_count,payload_reflected,redirect_changed,diff_ratio
0,0.003191701575902653,-0.014290332794189453,0,1,1,0.0035964035964035634
0,0.0016086869093102755,0.009679794311523438,0,1,0,0.0018112296236667547
0,0.0032025620496397116,-0.012953519821166992,0,1,0,0.0036086607858861752
